{
  "id": {
    "value": "-2",
    "sequence": "1",
    "source": "Toyota"
  },
  "requestdate": "",
  "vehicle": {
    "interest": "buy",
    "status": "new",
    "year": "",
    "make": "Toyota",
    "model": "",
    "trim": "",
    "colorcombination": {
      "interiorcolor": "",
      "exteriorcolor": "",
      "preference": "1"
    }
  },
  "customer": {
    "contact": {
      "name": [
        {
          "value": "",
          "part": "first",
          "type": "individual"
        },
        {
          "value": "",
          "part": "last",
          "type": "individual"
        }
      ],
      "email": {
        "value": "",
        "preferredcontact": "1"
      },
      "address": {
        "type": "work",
        "street": "",
        "postalcode": "",
        "city": "",
        "country": "USA"
      },
      "phone": {
        "value": "",
        "preferredcontact": "0",
        "time": "nopreference",
        "type": "voice"
      }
    },
    "comments": ""
  },
  "vendor": {
    "id": {
      "value": "",
      "sequence": "1",
      "source": ""
    }
  },
  "provider": {
    "id": [
      {
        "sequence": "1",
        "source": "Toyota"
      },
      {
        "value": "",
        "source": "Omniture_ID"
      },
      {
        "value": "",
        "source": "Device_Type"
      },
      {
        "value": "",
        "source": "Media_Tag"
      },
      {
        "value": "",
        "source": "Offer_ID"
      }
    ],
    "name": "",
    "service": ""
  }
}
