{
  "errors": [],
  "warnings": [],
  "version": "4.36.1",
  "hash": "a2e2ac51b1d43102c192",
  "publicPath": "",
  "outputPath": "F:\\Marius\\rgct-app\\.webpack\\service",
  "assetsByChunkName": {
    "AllOffers": [
      "AllOffers.js",
      "AllOffers.js.map"
    ],
    "AllOffers~CustomLandingPage~FeaturedDeals~Filters~OfferDetail~OffersReview": [
      "AllOffers~CustomLandingPage~FeaturedDeals~Filters~OfferDetail~OffersReview.js",
      "AllOffers~CustomLandingPage~FeaturedDeals~Filters~OfferDetail~OffersReview.js.map"
    ],
    "AllOffers~CustomLandingPage~FeaturedDeals~OfferDetail~OffersReview": [
      "AllOffers~CustomLandingPage~FeaturedDeals~OfferDetail~OffersReview.js",
      "AllOffers~CustomLandingPage~FeaturedDeals~OfferDetail~OffersReview.js.map"
    ],
    "AllOffers~FeaturedDeals": [
      "AllOffers~FeaturedDeals.js",
      "AllOffers~FeaturedDeals.js.map"
    ],
    "Container": [
      "Container.js",
      "Container.js.map"
    ],
    "CustomLandingPage": [
      "CustomLandingPage.js",
      "CustomLandingPage.js.map"
    ],
    "CustomLandingPage~FeaturedDeals~OfferDetail~OffersReview": [
      "CustomLandingPage~FeaturedDeals~OfferDetail~OffersReview.js",
      "CustomLandingPage~FeaturedDeals~OfferDetail~OffersReview.js.map"
    ],
    "FeaturedDeals": [
      "FeaturedDeals.js",
      "FeaturedDeals.js.map"
    ],
    "Filters": [
      "Filters.js",
      "Filters.js.map"
    ],
    "GlobalDisclaimers": [
      "GlobalDisclaimers.js",
      "GlobalDisclaimers.js.map"
    ],
    "Head": [
      "Head.js",
      "Head.js.map"
    ],
    "Layout": [
      "Layout.js",
      "Layout.js.map"
    ],
    "Navigation": [
      "Navigation.js",
      "Navigation.js.map"
    ],
    "Navigation~OfferDetail~OffersReview": [
      "Navigation~OfferDetail~OffersReview.js",
      "Navigation~OfferDetail~OffersReview.js.map"
    ],
    "OfferDetail": [
      "OfferDetail.js",
      "OfferDetail.js.map"
    ],
    "OfferDetail~OffersReview": [
      "OfferDetail~OffersReview.js",
      "OfferDetail~OffersReview.js.map"
    ],
    "OffersReview": [
      "OffersReview.js",
      "OffersReview.js.map"
    ],
    "src/functions/dictionary/index": [
      "src/functions/dictionary/index.js",
      "src/functions/dictionary/index.js.map"
    ],
    "src/functions/layout/index": [
      "src/functions/layout/index.js",
      "src/functions/layout/index.js.map"
    ],
    "src/functions/localSpecials/index": [
      "src/functions/localSpecials/index.js",
      "src/functions/localSpecials/index.js.map"
    ],
    "src/functions/render/index": [
      "src/functions/render/index.js",
      "src/functions/render/index.js.map"
    ],
    "src/functions/sharpr/index": [
      "src/functions/sharpr/index.js",
      "src/functions/sharpr/index.js.map"
    ],
    "src/handlers/healthcheck": [
      "src/handlers/healthcheck.js",
      "src/handlers/healthcheck.js.map"
    ],
    "vendors~AllOffers~CustomLandingPage~FeaturedDeals~Filters~OfferDetail~OffersReview": [
      "vendors~AllOffers~CustomLandingPage~FeaturedDeals~Filters~OfferDetail~OffersReview.js",
      "vendors~AllOffers~CustomLandingPage~FeaturedDeals~Filters~OfferDetail~OffersReview.js.map"
    ],
    "vendors~AllOffers~CustomLandingPage~FeaturedDeals~OfferDetail~OffersReview": [
      "vendors~AllOffers~CustomLandingPage~FeaturedDeals~OfferDetail~OffersReview.js",
      "vendors~AllOffers~CustomLandingPage~FeaturedDeals~OfferDetail~OffersReview.js.map"
    ],
    "vendors~AllOffers~FeaturedDeals~Filters": [
      "vendors~AllOffers~FeaturedDeals~Filters.js",
      "vendors~AllOffers~FeaturedDeals~Filters.js.map"
    ],
    "vendors~AllOffers~FeaturedDeals~OffersReview": [
      "vendors~AllOffers~FeaturedDeals~OffersReview.js",
      "vendors~AllOffers~FeaturedDeals~OffersReview.js.map"
    ],
    "vendors~CustomLandingPage~FeaturedDeals~OfferDetail~OffersReview": [
      "vendors~CustomLandingPage~FeaturedDeals~OfferDetail~OffersReview.js",
      "vendors~CustomLandingPage~FeaturedDeals~OfferDetail~OffersReview.js.map"
    ]
  },
  "assets": [
    {
      "name": "0.js",
      "size": 16079,
      "chunks": [
        0
      ],
      "chunkNames": [],
      "emitted": false
    },
    {
      "name": "0.js.map",
      "size": 19275,
      "chunks": [
        0
      ],
      "chunkNames": [],
      "emitted": false
    },
    {
      "name": "AllOffers.js",
      "size": 584005,
      "chunks": [
        "AllOffers"
      ],
      "chunkNames": [
        "AllOffers"
      ],
      "emitted": false
    },
    {
      "name": "AllOffers.js.map",
      "size": 501439,
      "chunks": [
        "AllOffers"
      ],
      "chunkNames": [
        "AllOffers"
      ],
      "emitted": false
    },
    {
      "name": "AllOffers~CustomLandingPage~FeaturedDeals~Filters~OfferDetail~OffersReview.js",
      "size": 30068,
      "chunks": [
        "AllOffers~CustomLandingPage~FeaturedDeals~Filters~OfferDetail~OffersReview"
      ],
      "chunkNames": [
        "AllOffers~CustomLandingPage~FeaturedDeals~Filters~OfferDetail~OffersReview"
      ],
      "emitted": false
    },
    {
      "name": "AllOffers~CustomLandingPage~FeaturedDeals~Filters~OfferDetail~OffersReview.js.map",
      "size": 6336,
      "chunks": [
        "AllOffers~CustomLandingPage~FeaturedDeals~Filters~OfferDetail~OffersReview"
      ],
      "chunkNames": [
        "AllOffers~CustomLandingPage~FeaturedDeals~Filters~OfferDetail~OffersReview"
      ],
      "emitted": false
    },
    {
      "name": "AllOffers~CustomLandingPage~FeaturedDeals~OfferDetail~OffersReview.js",
      "size": 1370223,
      "chunks": [
        "AllOffers~CustomLandingPage~FeaturedDeals~OfferDetail~OffersReview"
      ],
      "chunkNames": [
        "AllOffers~CustomLandingPage~FeaturedDeals~OfferDetail~OffersReview"
      ],
      "emitted": false
    },
    {
      "name": "AllOffers~CustomLandingPage~FeaturedDeals~OfferDetail~OffersReview.js.map",
      "size": 1275449,
      "chunks": [
        "AllOffers~CustomLandingPage~FeaturedDeals~OfferDetail~OffersReview"
      ],
      "chunkNames": [
        "AllOffers~CustomLandingPage~FeaturedDeals~OfferDetail~OffersReview"
      ],
      "emitted": false
    },
    {
      "name": "AllOffers~FeaturedDeals.js",
      "size": 171567,
      "chunks": [
        "AllOffers~FeaturedDeals"
      ],
      "chunkNames": [
        "AllOffers~FeaturedDeals"
      ],
      "emitted": false
    },
    {
      "name": "AllOffers~FeaturedDeals.js.map",
      "size": 177198,
      "chunks": [
        "AllOffers~FeaturedDeals"
      ],
      "chunkNames": [
        "AllOffers~FeaturedDeals"
      ],
      "emitted": false
    },
    {
      "name": "Container.js",
      "size": 18287,
      "chunks": [
        "Container"
      ],
      "chunkNames": [
        "Container"
      ],
      "emitted": false
    },
    {
      "name": "Container.js.map",
      "size": 19766,
      "chunks": [
        "Container"
      ],
      "chunkNames": [
        "Container"
      ],
      "emitted": false
    },
    {
      "name": "CustomLandingPage.js",
      "size": 628489,
      "chunks": [
        "CustomLandingPage"
      ],
      "chunkNames": [
        "CustomLandingPage"
      ],
      "emitted": false
    },
    {
      "name": "CustomLandingPage.js.map",
      "size": 677406,
      "chunks": [
        "CustomLandingPage"
      ],
      "chunkNames": [
        "CustomLandingPage"
      ],
      "emitted": false
    },
    {
      "name": "CustomLandingPage~FeaturedDeals~OfferDetail~OffersReview.js",
      "size": 425943,
      "chunks": [
        "CustomLandingPage~FeaturedDeals~OfferDetail~OffersReview"
      ],
      "chunkNames": [
        "CustomLandingPage~FeaturedDeals~OfferDetail~OffersReview"
      ],
      "emitted": false
    },
    {
      "name": "CustomLandingPage~FeaturedDeals~OfferDetail~OffersReview.js.map",
      "size": 416047,
      "chunks": [
        "CustomLandingPage~FeaturedDeals~OfferDetail~OffersReview"
      ],
      "chunkNames": [
        "CustomLandingPage~FeaturedDeals~OfferDetail~OffersReview"
      ],
      "emitted": false
    },
    {
      "name": "FeaturedDeals.js",
      "size": 465120,
      "chunks": [
        "FeaturedDeals"
      ],
      "chunkNames": [
        "FeaturedDeals"
      ],
      "emitted": false
    },
    {
      "name": "FeaturedDeals.js.map",
      "size": 466048,
      "chunks": [
        "FeaturedDeals"
      ],
      "chunkNames": [
        "FeaturedDeals"
      ],
      "emitted": false
    },
    {
      "name": "Filters.js",
      "size": 386172,
      "chunks": [
        "Filters"
      ],
      "chunkNames": [
        "Filters"
      ],
      "emitted": false
    },
    {
      "name": "Filters.js.map",
      "size": 390806,
      "chunks": [
        "Filters"
      ],
      "chunkNames": [
        "Filters"
      ],
      "emitted": false
    },
    {
      "name": "GlobalDisclaimers.js",
      "size": 1351,
      "chunks": [
        "GlobalDisclaimers"
      ],
      "chunkNames": [
        "GlobalDisclaimers"
      ],
      "emitted": false
    },
    {
      "name": "GlobalDisclaimers.js.map",
      "size": 866,
      "chunks": [
        "GlobalDisclaimers"
      ],
      "chunkNames": [
        "GlobalDisclaimers"
      ],
      "emitted": false
    },
    {
      "name": "Head.js",
      "size": 10353,
      "chunks": [
        "Head"
      ],
      "chunkNames": [
        "Head"
      ],
      "emitted": false
    },
    {
      "name": "Head.js.map",
      "size": 2191,
      "chunks": [
        "Head"
      ],
      "chunkNames": [
        "Head"
      ],
      "emitted": false
    },
    {
      "name": "Layout.js",
      "size": 27818,
      "chunks": [
        "Layout"
      ],
      "chunkNames": [
        "Layout"
      ],
      "emitted": false
    },
    {
      "name": "Layout.js.map",
      "size": 13270,
      "chunks": [
        "Layout"
      ],
      "chunkNames": [
        "Layout"
      ],
      "emitted": false
    },
    {
      "name": "Navigation.js",
      "size": 167335,
      "chunks": [
        "Navigation"
      ],
      "chunkNames": [
        "Navigation"
      ],
      "emitted": false
    },
    {
      "name": "Navigation.js.map",
      "size": 137392,
      "chunks": [
        "Navigation"
      ],
      "chunkNames": [
        "Navigation"
      ],
      "emitted": false
    },
    {
      "name": "Navigation~OfferDetail~OffersReview.js",
      "size": 40737,
      "chunks": [
        "Navigation~OfferDetail~OffersReview"
      ],
      "chunkNames": [
        "Navigation~OfferDetail~OffersReview"
      ],
      "emitted": false
    },
    {
      "name": "Navigation~OfferDetail~OffersReview.js.map",
      "size": 43335,
      "chunks": [
        "Navigation~OfferDetail~OffersReview"
      ],
      "chunkNames": [
        "Navigation~OfferDetail~OffersReview"
      ],
      "emitted": false
    },
    {
      "name": "OfferDetail.js",
      "size": 3587,
      "chunks": [
        "OfferDetail"
      ],
      "chunkNames": [
        "OfferDetail"
      ],
      "emitted": false
    },
    {
      "name": "OfferDetail.js.map",
      "size": 1557,
      "chunks": [
        "OfferDetail"
      ],
      "chunkNames": [
        "OfferDetail"
      ],
      "emitted": false
    },
    {
      "name": "OfferDetail~OffersReview.js",
      "size": 277899,
      "chunks": [
        "OfferDetail~OffersReview"
      ],
      "chunkNames": [
        "OfferDetail~OffersReview"
      ],
      "emitted": false
    },
    {
      "name": "OfferDetail~OffersReview.js.map",
      "size": 290953,
      "chunks": [
        "OfferDetail~OffersReview"
      ],
      "chunkNames": [
        "OfferDetail~OffersReview"
      ],
      "emitted": false
    },
    {
      "name": "OffersReview.js",
      "size": 36046,
      "chunks": [
        "OffersReview"
      ],
      "chunkNames": [
        "OffersReview"
      ],
      "emitted": false
    },
    {
      "name": "OffersReview.js.map",
      "size": 18272,
      "chunks": [
        "OffersReview"
      ],
      "chunkNames": [
        "OffersReview"
      ],
      "emitted": false
    },
    {
      "name": "src/functions/dictionary/index.js",
      "size": 842288,
      "chunks": [
        "src/functions/dictionary/index"
      ],
      "chunkNames": [
        "src/functions/dictionary/index"
      ],
      "emitted": false
    },
    {
      "name": "src/functions/dictionary/index.js.map",
      "size": 935368,
      "chunks": [
        "src/functions/dictionary/index"
      ],
      "chunkNames": [
        "src/functions/dictionary/index"
      ],
      "emitted": false
    },
    {
      "name": "src/functions/layout/index.js",
      "size": 9435717,
      "chunks": [
        "src/functions/layout/index"
      ],
      "chunkNames": [
        "src/functions/layout/index"
      ],
      "emitted": false
    },
    {
      "name": "src/functions/layout/index.js.map",
      "size": 3794120,
      "chunks": [
        "src/functions/layout/index"
      ],
      "chunkNames": [
        "src/functions/layout/index"
      ],
      "emitted": false
    },
    {
      "name": "src/functions/localSpecials/index.js",
      "size": 8343246,
      "chunks": [
        "src/functions/localSpecials/index"
      ],
      "chunkNames": [
        "src/functions/localSpecials/index"
      ],
      "emitted": false
    },
    {
      "name": "src/functions/localSpecials/index.js.map",
      "size": 3501335,
      "chunks": [
        "src/functions/localSpecials/index"
      ],
      "chunkNames": [
        "src/functions/localSpecials/index"
      ],
      "emitted": false
    },
    {
      "name": "src/functions/render/index.js",
      "size": 11807637,
      "chunks": [
        "src/functions/render/index"
      ],
      "chunkNames": [
        "src/functions/render/index"
      ],
      "emitted": false
    },
    {
      "name": "src/functions/render/index.js.map",
      "size": 5973425,
      "chunks": [
        "src/functions/render/index"
      ],
      "chunkNames": [
        "src/functions/render/index"
      ],
      "emitted": false
    },
    {
      "name": "src/functions/sharpr/index.js",
      "size": 7207236,
      "chunks": [
        "src/functions/sharpr/index"
      ],
      "chunkNames": [
        "src/functions/sharpr/index"
      ],
      "emitted": false
    },
    {
      "name": "src/functions/sharpr/index.js.map",
      "size": 2459142,
      "chunks": [
        "src/functions/sharpr/index"
      ],
      "chunkNames": [
        "src/functions/sharpr/index"
      ],
      "emitted": false
    },
    {
      "name": "src/handlers/healthcheck.js",
      "size": 248489,
      "chunks": [
        "src/handlers/healthcheck"
      ],
      "chunkNames": [
        "src/handlers/healthcheck"
      ],
      "emitted": false
    },
    {
      "name": "src/handlers/healthcheck.js.map",
      "size": 249336,
      "chunks": [
        "src/handlers/healthcheck"
      ],
      "chunkNames": [
        "src/handlers/healthcheck"
      ],
      "emitted": false
    },
    {
      "name": "vendors~AllOffers~CustomLandingPage~FeaturedDeals~Filters~OfferDetail~OffersReview.js",
      "size": 12860,
      "chunks": [
        "vendors~AllOffers~CustomLandingPage~FeaturedDeals~Filters~OfferDetail~OffersReview"
      ],
      "chunkNames": [
        "vendors~AllOffers~CustomLandingPage~FeaturedDeals~Filters~OfferDetail~OffersReview"
      ],
      "emitted": false
    },
    {
      "name": "vendors~AllOffers~CustomLandingPage~FeaturedDeals~Filters~OfferDetail~OffersReview.js.map",
      "size": 13948,
      "chunks": [
        "vendors~AllOffers~CustomLandingPage~FeaturedDeals~Filters~OfferDetail~OffersReview"
      ],
      "chunkNames": [
        "vendors~AllOffers~CustomLandingPage~FeaturedDeals~Filters~OfferDetail~OffersReview"
      ],
      "emitted": false
    },
    {
      "name": "vendors~AllOffers~CustomLandingPage~FeaturedDeals~OfferDetail~OffersReview.js",
      "size": 1285931,
      "chunks": [
        "vendors~AllOffers~CustomLandingPage~FeaturedDeals~OfferDetail~OffersReview"
      ],
      "chunkNames": [
        "vendors~AllOffers~CustomLandingPage~FeaturedDeals~OfferDetail~OffersReview"
      ],
      "emitted": false
    },
    {
      "name": "vendors~AllOffers~CustomLandingPage~FeaturedDeals~OfferDetail~OffersReview.js.map",
      "size": 1488722,
      "chunks": [
        "vendors~AllOffers~CustomLandingPage~FeaturedDeals~OfferDetail~OffersReview"
      ],
      "chunkNames": [
        "vendors~AllOffers~CustomLandingPage~FeaturedDeals~OfferDetail~OffersReview"
      ],
      "emitted": false
    },
    {
      "name": "vendors~AllOffers~FeaturedDeals~Filters.js",
      "size": 70280,
      "chunks": [
        "vendors~AllOffers~FeaturedDeals~Filters"
      ],
      "chunkNames": [
        "vendors~AllOffers~FeaturedDeals~Filters"
      ],
      "emitted": false
    },
    {
      "name": "vendors~AllOffers~FeaturedDeals~Filters.js.map",
      "size": 77494,
      "chunks": [
        "vendors~AllOffers~FeaturedDeals~Filters"
      ],
      "chunkNames": [
        "vendors~AllOffers~FeaturedDeals~Filters"
      ],
      "emitted": false
    },
    {
      "name": "vendors~AllOffers~FeaturedDeals~OffersReview.js",
      "size": 55185,
      "chunks": [
        "vendors~AllOffers~FeaturedDeals~OffersReview"
      ],
      "chunkNames": [
        "vendors~AllOffers~FeaturedDeals~OffersReview"
      ],
      "emitted": false
    },
    {
      "name": "vendors~AllOffers~FeaturedDeals~OffersReview.js.map",
      "size": 62520,
      "chunks": [
        "vendors~AllOffers~FeaturedDeals~OffersReview"
      ],
      "chunkNames": [
        "vendors~AllOffers~FeaturedDeals~OffersReview"
      ],
      "emitted": false
    },
    {
      "name": "vendors~CustomLandingPage~FeaturedDeals~OfferDetail~OffersReview.js",
      "size": 209540,
      "chunks": [
        "vendors~CustomLandingPage~FeaturedDeals~OfferDetail~OffersReview"
      ],
      "chunkNames": [
        "vendors~CustomLandingPage~FeaturedDeals~OfferDetail~OffersReview"
      ],
      "emitted": false
    },
    {
      "name": "vendors~CustomLandingPage~FeaturedDeals~OfferDetail~OffersReview.js.map",
      "size": 239188,
      "chunks": [
        "vendors~CustomLandingPage~FeaturedDeals~OfferDetail~OffersReview"
      ],
      "chunkNames": [
        "vendors~CustomLandingPage~FeaturedDeals~OfferDetail~OffersReview"
      ],
      "emitted": false
    }
  ],
  "filteredAssets": 0,
  "entrypoints": {
    "src/handlers/healthcheck": {
      "chunks": [
        "src/handlers/healthcheck"
      ],
      "assets": [
        "src/handlers/healthcheck.js",
        "src/handlers/healthcheck.js.map"
      ],
      "children": {},
      "childAssets": {}
    },
    "src/functions/layout/index": {
      "chunks": [
        "src/functions/layout/index"
      ],
      "assets": [
        "src/functions/layout/index.js",
        "src/functions/layout/index.js.map"
      ],
      "children": {},
      "childAssets": {}
    },
    "src/functions/render/index": {
      "chunks": [
        "src/functions/render/index"
      ],
      "assets": [
        "src/functions/render/index.js",
        "src/functions/render/index.js.map"
      ],
      "children": {},
      "childAssets": {}
    },
    "src/functions/dictionary/index": {
      "chunks": [
        "src/functions/dictionary/index"
      ],
      "assets": [
        "src/functions/dictionary/index.js",
        "src/functions/dictionary/index.js.map"
      ],
      "children": {},
      "childAssets": {}
    },
    "src/functions/localSpecials/index": {
      "chunks": [
        "src/functions/localSpecials/index"
      ],
      "assets": [
        "src/functions/localSpecials/index.js",
        "src/functions/localSpecials/index.js.map"
      ],
      "children": {},
      "childAssets": {}
    },
    "src/functions/sharpr/index": {
      "chunks": [
        "src/functions/sharpr/index"
      ],
      "assets": [
        "src/functions/sharpr/index.js",
        "src/functions/sharpr/index.js.map"
      ],
      "children": {},
      "childAssets": {}
    }
  },
  "namedChunkGroups": {
    "src/handlers/healthcheck": {
      "chunks": [
        "src/handlers/healthcheck"
      ],
      "assets": [
        "src/handlers/healthcheck.js",
        "src/handlers/healthcheck.js.map"
      ],
      "children": {},
      "childAssets": {}
    },
    "src/functions/layout/index": {
      "chunks": [
        "src/functions/layout/index"
      ],
      "assets": [
        "src/functions/layout/index.js",
        "src/functions/layout/index.js.map"
      ],
      "children": {},
      "childAssets": {}
    },
    "src/functions/render/index": {
      "chunks": [
        "src/functions/render/index"
      ],
      "assets": [
        "src/functions/render/index.js",
        "src/functions/render/index.js.map"
      ],
      "children": {},
      "childAssets": {}
    },
    "src/functions/dictionary/index": {
      "chunks": [
        "src/functions/dictionary/index"
      ],
      "assets": [
        "src/functions/dictionary/index.js",
        "src/functions/dictionary/index.js.map"
      ],
      "children": {},
      "childAssets": {}
    },
    "src/functions/localSpecials/index": {
      "chunks": [
        "src/functions/localSpecials/index"
      ],
      "assets": [
        "src/functions/localSpecials/index.js",
        "src/functions/localSpecials/index.js.map"
      ],
      "children": {},
      "childAssets": {}
    },
    "src/functions/sharpr/index": {
      "chunks": [
        "src/functions/sharpr/index"
      ],
      "assets": [
        "src/functions/sharpr/index.js",
        "src/functions/sharpr/index.js.map"
      ],
      "children": {},
      "childAssets": {}
    },
    "AllOffers": {
      "chunks": [
        "vendors~AllOffers~CustomLandingPage~FeaturedDeals~Filters~OfferDetail~OffersReview",
        "vendors~AllOffers~CustomLandingPage~FeaturedDeals~OfferDetail~OffersReview",
        "vendors~AllOffers~FeaturedDeals~Filters",
        "vendors~AllOffers~FeaturedDeals~OffersReview",
        "AllOffers~CustomLandingPage~FeaturedDeals~Filters~OfferDetail~OffersReview",
        "AllOffers~CustomLandingPage~FeaturedDeals~OfferDetail~OffersReview",
        "Filters",
        "AllOffers~FeaturedDeals",
        "AllOffers"
      ],
      "assets": [
        "vendors~AllOffers~CustomLandingPage~FeaturedDeals~Filters~OfferDetail~OffersReview.js",
        "vendors~AllOffers~CustomLandingPage~FeaturedDeals~Filters~OfferDetail~OffersReview.js.map",
        "vendors~AllOffers~CustomLandingPage~FeaturedDeals~OfferDetail~OffersReview.js",
        "vendors~AllOffers~CustomLandingPage~FeaturedDeals~OfferDetail~OffersReview.js.map",
        "vendors~AllOffers~FeaturedDeals~Filters.js",
        "vendors~AllOffers~FeaturedDeals~Filters.js.map",
        "vendors~AllOffers~FeaturedDeals~OffersReview.js",
        "vendors~AllOffers~FeaturedDeals~OffersReview.js.map",
        "AllOffers~CustomLandingPage~FeaturedDeals~Filters~OfferDetail~OffersReview.js",
        "AllOffers~CustomLandingPage~FeaturedDeals~Filters~OfferDetail~OffersReview.js.map",
        "AllOffers~CustomLandingPage~FeaturedDeals~OfferDetail~OffersReview.js",
        "AllOffers~CustomLandingPage~FeaturedDeals~OfferDetail~OffersReview.js.map",
        "Filters.js",
        "Filters.js.map",
        "AllOffers~FeaturedDeals.js",
        "AllOffers~FeaturedDeals.js.map",
        "AllOffers.js",
        "AllOffers.js.map"
      ],
      "children": {},
      "childAssets": {}
    },
    "Container": {
      "chunks": [
        "Container"
      ],
      "assets": [
        "Container.js",
        "Container.js.map"
      ],
      "children": {},
      "childAssets": {}
    },
    "CustomLandingPage": {
      "chunks": [
        "vendors~AllOffers~CustomLandingPage~FeaturedDeals~Filters~OfferDetail~OffersReview",
        "vendors~AllOffers~CustomLandingPage~FeaturedDeals~OfferDetail~OffersReview",
        "vendors~CustomLandingPage~FeaturedDeals~OfferDetail~OffersReview",
        "AllOffers~CustomLandingPage~FeaturedDeals~Filters~OfferDetail~OffersReview",
        "AllOffers~CustomLandingPage~FeaturedDeals~OfferDetail~OffersReview",
        "CustomLandingPage~FeaturedDeals~OfferDetail~OffersReview",
        "CustomLandingPage"
      ],
      "assets": [
        "vendors~AllOffers~CustomLandingPage~FeaturedDeals~Filters~OfferDetail~OffersReview.js",
        "vendors~AllOffers~CustomLandingPage~FeaturedDeals~Filters~OfferDetail~OffersReview.js.map",
        "vendors~AllOffers~CustomLandingPage~FeaturedDeals~OfferDetail~OffersReview.js",
        "vendors~AllOffers~CustomLandingPage~FeaturedDeals~OfferDetail~OffersReview.js.map",
        "vendors~CustomLandingPage~FeaturedDeals~OfferDetail~OffersReview.js",
        "vendors~CustomLandingPage~FeaturedDeals~OfferDetail~OffersReview.js.map",
        "AllOffers~CustomLandingPage~FeaturedDeals~Filters~OfferDetail~OffersReview.js",
        "AllOffers~CustomLandingPage~FeaturedDeals~Filters~OfferDetail~OffersReview.js.map",
        "AllOffers~CustomLandingPage~FeaturedDeals~OfferDetail~OffersReview.js",
        "AllOffers~CustomLandingPage~FeaturedDeals~OfferDetail~OffersReview.js.map",
        "CustomLandingPage~FeaturedDeals~OfferDetail~OffersReview.js",
        "CustomLandingPage~FeaturedDeals~OfferDetail~OffersReview.js.map",
        "CustomLandingPage.js",
        "CustomLandingPage.js.map"
      ],
      "children": {},
      "childAssets": {}
    },
    "components-shared-ErrorBoundary": {
      "chunks": [],
      "assets": [],
      "children": {},
      "childAssets": {}
    },
    "FeaturedDeals": {
      "chunks": [
        "vendors~AllOffers~CustomLandingPage~FeaturedDeals~Filters~OfferDetail~OffersReview",
        "vendors~AllOffers~CustomLandingPage~FeaturedDeals~OfferDetail~OffersReview",
        "vendors~CustomLandingPage~FeaturedDeals~OfferDetail~OffersReview",
        "vendors~AllOffers~FeaturedDeals~Filters",
        "vendors~AllOffers~FeaturedDeals~OffersReview",
        "AllOffers~CustomLandingPage~FeaturedDeals~Filters~OfferDetail~OffersReview",
        "AllOffers~CustomLandingPage~FeaturedDeals~OfferDetail~OffersReview",
        "CustomLandingPage~FeaturedDeals~OfferDetail~OffersReview",
        "Filters",
        "AllOffers~FeaturedDeals",
        "FeaturedDeals"
      ],
      "assets": [
        "vendors~AllOffers~CustomLandingPage~FeaturedDeals~Filters~OfferDetail~OffersReview.js",
        "vendors~AllOffers~CustomLandingPage~FeaturedDeals~Filters~OfferDetail~OffersReview.js.map",
        "vendors~AllOffers~CustomLandingPage~FeaturedDeals~OfferDetail~OffersReview.js",
        "vendors~AllOffers~CustomLandingPage~FeaturedDeals~OfferDetail~OffersReview.js.map",
        "vendors~CustomLandingPage~FeaturedDeals~OfferDetail~OffersReview.js",
        "vendors~CustomLandingPage~FeaturedDeals~OfferDetail~OffersReview.js.map",
        "vendors~AllOffers~FeaturedDeals~Filters.js",
        "vendors~AllOffers~FeaturedDeals~Filters.js.map",
        "vendors~AllOffers~FeaturedDeals~OffersReview.js",
        "vendors~AllOffers~FeaturedDeals~OffersReview.js.map",
        "AllOffers~CustomLandingPage~FeaturedDeals~Filters~OfferDetail~OffersReview.js",
        "AllOffers~CustomLandingPage~FeaturedDeals~Filters~OfferDetail~OffersReview.js.map",
        "AllOffers~CustomLandingPage~FeaturedDeals~OfferDetail~OffersReview.js",
        "AllOffers~CustomLandingPage~FeaturedDeals~OfferDetail~OffersReview.js.map",
        "CustomLandingPage~FeaturedDeals~OfferDetail~OffersReview.js",
        "CustomLandingPage~FeaturedDeals~OfferDetail~OffersReview.js.map",
        "Filters.js",
        "Filters.js.map",
        "AllOffers~FeaturedDeals.js",
        "AllOffers~FeaturedDeals.js.map",
        "FeaturedDeals.js",
        "FeaturedDeals.js.map"
      ],
      "children": {},
      "childAssets": {}
    },
    "Filters": {
      "chunks": [
        "vendors~AllOffers~CustomLandingPage~FeaturedDeals~Filters~OfferDetail~OffersReview",
        "vendors~AllOffers~FeaturedDeals~Filters",
        "AllOffers~CustomLandingPage~FeaturedDeals~Filters~OfferDetail~OffersReview",
        "Filters"
      ],
      "assets": [
        "vendors~AllOffers~CustomLandingPage~FeaturedDeals~Filters~OfferDetail~OffersReview.js",
        "vendors~AllOffers~CustomLandingPage~FeaturedDeals~Filters~OfferDetail~OffersReview.js.map",
        "vendors~AllOffers~FeaturedDeals~Filters.js",
        "vendors~AllOffers~FeaturedDeals~Filters.js.map",
        "AllOffers~CustomLandingPage~FeaturedDeals~Filters~OfferDetail~OffersReview.js",
        "AllOffers~CustomLandingPage~FeaturedDeals~Filters~OfferDetail~OffersReview.js.map",
        "Filters.js",
        "Filters.js.map"
      ],
      "children": {},
      "childAssets": {}
    },
    "GlobalDisclaimers": {
      "chunks": [
        "GlobalDisclaimers"
      ],
      "assets": [
        "GlobalDisclaimers.js",
        "GlobalDisclaimers.js.map"
      ],
      "children": {},
      "childAssets": {}
    },
    "Head": {
      "chunks": [
        "Head"
      ],
      "assets": [
        "Head.js",
        "Head.js.map"
      ],
      "children": {},
      "childAssets": {}
    },
    "Layout": {
      "chunks": [
        "Layout"
      ],
      "assets": [
        "Layout.js",
        "Layout.js.map"
      ],
      "children": {},
      "childAssets": {}
    },
    "Navigation": {
      "chunks": [
        "Navigation~OfferDetail~OffersReview",
        "Navigation"
      ],
      "assets": [
        "Navigation~OfferDetail~OffersReview.js",
        "Navigation~OfferDetail~OffersReview.js.map",
        "Navigation.js",
        "Navigation.js.map"
      ],
      "children": {},
      "childAssets": {}
    },
    "OfferDetail": {
      "chunks": [
        "vendors~AllOffers~CustomLandingPage~FeaturedDeals~Filters~OfferDetail~OffersReview",
        "vendors~AllOffers~CustomLandingPage~FeaturedDeals~OfferDetail~OffersReview",
        "vendors~CustomLandingPage~FeaturedDeals~OfferDetail~OffersReview",
        "AllOffers~CustomLandingPage~FeaturedDeals~Filters~OfferDetail~OffersReview",
        "AllOffers~CustomLandingPage~FeaturedDeals~OfferDetail~OffersReview",
        "CustomLandingPage~FeaturedDeals~OfferDetail~OffersReview",
        "Navigation~OfferDetail~OffersReview",
        "OfferDetail~OffersReview",
        "OfferDetail"
      ],
      "assets": [
        "vendors~AllOffers~CustomLandingPage~FeaturedDeals~Filters~OfferDetail~OffersReview.js",
        "vendors~AllOffers~CustomLandingPage~FeaturedDeals~Filters~OfferDetail~OffersReview.js.map",
        "vendors~AllOffers~CustomLandingPage~FeaturedDeals~OfferDetail~OffersReview.js",
        "vendors~AllOffers~CustomLandingPage~FeaturedDeals~OfferDetail~OffersReview.js.map",
        "vendors~CustomLandingPage~FeaturedDeals~OfferDetail~OffersReview.js",
        "vendors~CustomLandingPage~FeaturedDeals~OfferDetail~OffersReview.js.map",
        "AllOffers~CustomLandingPage~FeaturedDeals~Filters~OfferDetail~OffersReview.js",
        "AllOffers~CustomLandingPage~FeaturedDeals~Filters~OfferDetail~OffersReview.js.map",
        "AllOffers~CustomLandingPage~FeaturedDeals~OfferDetail~OffersReview.js",
        "AllOffers~CustomLandingPage~FeaturedDeals~OfferDetail~OffersReview.js.map",
        "CustomLandingPage~FeaturedDeals~OfferDetail~OffersReview.js",
        "CustomLandingPage~FeaturedDeals~OfferDetail~OffersReview.js.map",
        "Navigation~OfferDetail~OffersReview.js",
        "Navigation~OfferDetail~OffersReview.js.map",
        "OfferDetail~OffersReview.js",
        "OfferDetail~OffersReview.js.map",
        "OfferDetail.js",
        "OfferDetail.js.map"
      ],
      "children": {},
      "childAssets": {}
    },
    "OffersReview": {
      "chunks": [
        "vendors~AllOffers~CustomLandingPage~FeaturedDeals~Filters~OfferDetail~OffersReview",
        "vendors~AllOffers~CustomLandingPage~FeaturedDeals~OfferDetail~OffersReview",
        "vendors~CustomLandingPage~FeaturedDeals~OfferDetail~OffersReview",
        "vendors~AllOffers~FeaturedDeals~OffersReview",
        "AllOffers~CustomLandingPage~FeaturedDeals~Filters~OfferDetail~OffersReview",
        "AllOffers~CustomLandingPage~FeaturedDeals~OfferDetail~OffersReview",
        "CustomLandingPage~FeaturedDeals~OfferDetail~OffersReview",
        "Navigation~OfferDetail~OffersReview",
        "OfferDetail~OffersReview",
        "OffersReview"
      ],
      "assets": [
        "vendors~AllOffers~CustomLandingPage~FeaturedDeals~Filters~OfferDetail~OffersReview.js",
        "vendors~AllOffers~CustomLandingPage~FeaturedDeals~Filters~OfferDetail~OffersReview.js.map",
        "vendors~AllOffers~CustomLandingPage~FeaturedDeals~OfferDetail~OffersReview.js",
        "vendors~AllOffers~CustomLandingPage~FeaturedDeals~OfferDetail~OffersReview.js.map",
        "vendors~CustomLandingPage~FeaturedDeals~OfferDetail~OffersReview.js",
        "vendors~CustomLandingPage~FeaturedDeals~OfferDetail~OffersReview.js.map",
        "vendors~AllOffers~FeaturedDeals~OffersReview.js",
        "vendors~AllOffers~FeaturedDeals~OffersReview.js.map",
        "AllOffers~CustomLandingPage~FeaturedDeals~Filters~OfferDetail~OffersReview.js",
        "AllOffers~CustomLandingPage~FeaturedDeals~Filters~OfferDetail~OffersReview.js.map",
        "AllOffers~CustomLandingPage~FeaturedDeals~OfferDetail~OffersReview.js",
        "AllOffers~CustomLandingPage~FeaturedDeals~OfferDetail~OffersReview.js.map",
        "CustomLandingPage~FeaturedDeals~OfferDetail~OffersReview.js",
        "CustomLandingPage~FeaturedDeals~OfferDetail~OffersReview.js.map",
        "Navigation~OfferDetail~OffersReview.js",
        "Navigation~OfferDetail~OffersReview.js.map",
        "OfferDetail~OffersReview.js",
        "OfferDetail~OffersReview.js.map",
        "OffersReview.js",
        "OffersReview.js.map"
      ],
      "children": {},
      "childAssets": {}
    }
  },
  "children": []
}