{
  "errors": [],
  "warnings": [],
  "version": "4.36.1",
  "hash": "b5bf25844b3db0b1e04f",
  "publicPath": "/",
  "outputPath": "F:\\Marius\\rgct-app\\dist",
  "assetsByChunkName": {
    "AllOffers~CustomLandingPage~FeaturedDeals~OfferDetail~OffersReview": "rgct/static/local/js/AllOffers~CustomLandingPage~FeaturedDeals~OfferDetail~OffersReview.chunk.js",
    "vendors~AllOffers~CustomLandingPage~FeaturedDeals~OfferDetail~OffersReview": "rgct/static/local/js/vendors~AllOffers~CustomLandingPage~FeaturedDeals~OfferDetail~OffersReview.chunk.js",
    "vendors~CustomLandingPage~FeaturedDeals~OfferDetail~OffersReview": "rgct/static/local/js/vendors~CustomLandingPage~FeaturedDeals~OfferDetail~OffersReview.chunk.js",
    "vendors~AllOffers~FeaturedDeals~Filters": "rgct/static/local/js/vendors~AllOffers~FeaturedDeals~Filters.chunk.js",
    "AllOffers~Filters": "rgct/static/local/js/AllOffers~Filters.chunk.js",
    "OfferDetail~OffersReview": "rgct/static/local/js/OfferDetail~OffersReview.chunk.js",
    "vendors~CustomLandingPage~Head": "rgct/static/local/js/vendors~CustomLandingPage~Head.chunk.js",
    "AllOffers": "rgct/static/local/js/AllOffers.chunk.js",
    "Container": "rgct/static/local/js/Container.chunk.js",
    "CustomLandingPage": "rgct/static/local/js/CustomLandingPage.chunk.js",
    "FeaturedDeals": "rgct/static/local/js/FeaturedDeals.chunk.js",
    "Filters": "rgct/static/local/js/Filters.chunk.js",
    "GlobalDisclaimers": "rgct/static/local/js/GlobalDisclaimers.chunk.js",
    "Head": "rgct/static/local/js/Head.chunk.js",
    "Layout": "rgct/static/local/js/Layout.chunk.js",
    "Navigation": "rgct/static/local/js/Navigation.chunk.js",
    "OfferDetail": "rgct/static/local/js/OfferDetail.chunk.js",
    "OffersReview": "rgct/static/local/js/OffersReview.chunk.js",
    "components-shared-ErrorBoundary": "rgct/static/local/js/components-shared-ErrorBoundary.chunk.js",
    "main": "rgct/static/local/js/client.bundle.js"
  },
  "assets": [
    {
      "name": "rgct/static/local/js/20.chunk.js",
      "size": 8953,
      "chunks": [
        20
      ],
      "chunkNames": [],
      "emitted": false
    },
    {
      "name": "rgct/static/local/js/21.chunk.js",
      "size": 7190,
      "chunks": [
        21
      ],
      "chunkNames": [],
      "emitted": false
    },
    {
      "name": "rgct/static/local/js/22.chunk.js",
      "size": 3534,
      "chunks": [
        22
      ],
      "chunkNames": [],
      "emitted": false
    },
    {
      "name": "rgct/static/local/js/AllOffers.chunk.js",
      "size": 72827,
      "chunks": [
        7
      ],
      "chunkNames": [
        "AllOffers"
      ],
      "emitted": false
    },
    {
      "name": "rgct/static/local/js/AllOffers~CustomLandingPage~FeaturedDeals~OfferDetail~OffersReview.chunk.js",
      "size": 180740,
      "chunks": [
        0
      ],
      "chunkNames": [
        "AllOffers~CustomLandingPage~FeaturedDeals~OfferDetail~OffersReview"
      ],
      "emitted": false
    },
    {
      "name": "rgct/static/local/js/AllOffers~Filters.chunk.js",
      "size": 29418,
      "chunks": [
        4
      ],
      "chunkNames": [
        "AllOffers~Filters"
      ],
      "emitted": false
    },
    {
      "name": "rgct/static/local/js/Container.chunk.js",
      "size": 1089,
      "chunks": [
        8
      ],
      "chunkNames": [
        "Container"
      ],
      "emitted": false
    },
    {
      "name": "rgct/static/local/js/CustomLandingPage.chunk.js",
      "size": 94814,
      "chunks": [
        9
      ],
      "chunkNames": [
        "CustomLandingPage"
      ],
      "emitted": false
    },
    {
      "name": "rgct/static/local/js/FeaturedDeals.chunk.js",
      "size": 134690,
      "chunks": [
        10,
        4
      ],
      "chunkNames": [
        "FeaturedDeals"
      ],
      "emitted": false
    },
    {
      "name": "rgct/static/local/js/Filters.chunk.js",
      "size": 16270,
      "chunks": [
        11
      ],
      "chunkNames": [
        "Filters"
      ],
      "emitted": false
    },
    {
      "name": "rgct/static/local/js/GlobalDisclaimers.chunk.js",
      "size": 7218,
      "chunks": [
        12
      ],
      "chunkNames": [
        "GlobalDisclaimers"
      ],
      "emitted": false
    },
    {
      "name": "rgct/static/local/js/Head.chunk.js",
      "size": 2104,
      "chunks": [
        13
      ],
      "chunkNames": [
        "Head"
      ],
      "emitted": false
    },
    {
      "name": "rgct/static/local/js/Layout.chunk.js",
      "size": 10392,
      "chunks": [
        14
      ],
      "chunkNames": [
        "Layout"
      ],
      "emitted": false
    },
    {
      "name": "rgct/static/local/js/Navigation.chunk.js",
      "size": 32963,
      "chunks": [
        15
      ],
      "chunkNames": [
        "Navigation"
      ],
      "emitted": false
    },
    {
      "name": "rgct/static/local/js/OfferDetail.chunk.js",
      "size": 927,
      "chunks": [
        16
      ],
      "chunkNames": [
        "OfferDetail"
      ],
      "emitted": false
    },
    {
      "name": "rgct/static/local/js/OfferDetail~OffersReview.chunk.js",
      "size": 76351,
      "chunks": [
        5
      ],
      "chunkNames": [
        "OfferDetail~OffersReview"
      ],
      "emitted": false
    },
    {
      "name": "rgct/static/local/js/OffersReview.chunk.js",
      "size": 6593,
      "chunks": [
        17
      ],
      "chunkNames": [
        "OffersReview"
      ],
      "emitted": false
    },
    {
      "name": "rgct/static/local/js/client.bundle.js",
      "size": 485563,
      "chunks": [
        19
      ],
      "chunkNames": [
        "main"
      ],
      "emitted": false
    },
    {
      "name": "rgct/static/local/js/components-shared-ErrorBoundary.chunk.js",
      "size": 19221,
      "chunks": [
        18
      ],
      "chunkNames": [
        "components-shared-ErrorBoundary"
      ],
      "emitted": false
    },
    {
      "name": "rgct/static/local/js/vendors~AllOffers~CustomLandingPage~FeaturedDeals~OfferDetail~OffersReview.chunk.js",
      "size": 144721,
      "chunks": [
        1
      ],
      "chunkNames": [
        "vendors~AllOffers~CustomLandingPage~FeaturedDeals~OfferDetail~OffersReview"
      ],
      "emitted": false
    },
    {
      "name": "rgct/static/local/js/vendors~AllOffers~FeaturedDeals~Filters.chunk.js",
      "size": 27360,
      "chunks": [
        3
      ],
      "chunkNames": [
        "vendors~AllOffers~FeaturedDeals~Filters"
      ],
      "emitted": false
    },
    {
      "name": "rgct/static/local/js/vendors~CustomLandingPage~FeaturedDeals~OfferDetail~OffersReview.chunk.js",
      "size": 105124,
      "chunks": [
        2
      ],
      "chunkNames": [
        "vendors~CustomLandingPage~FeaturedDeals~OfferDetail~OffersReview"
      ],
      "emitted": false
    },
    {
      "name": "rgct/static/local/js/vendors~CustomLandingPage~Head.chunk.js",
      "size": 19097,
      "chunks": [
        6
      ],
      "chunkNames": [
        "vendors~CustomLandingPage~Head"
      ],
      "emitted": false
    }
  ],
  "filteredAssets": 0,
  "entrypoints": {
    "main": {
      "chunks": [
        19
      ],
      "assets": [
        "rgct/static/local/js/client.bundle.js"
      ],
      "children": {},
      "childAssets": {}
    }
  },
  "namedChunkGroups": {
    "main": {
      "chunks": [
        19
      ],
      "assets": [
        "rgct/static/local/js/client.bundle.js"
      ],
      "children": {},
      "childAssets": {}
    },
    "AllOffers": {
      "chunks": [
        1,
        3,
        0,
        4,
        7
      ],
      "assets": [
        "rgct/static/local/js/vendors~AllOffers~CustomLandingPage~FeaturedDeals~OfferDetail~OffersReview.chunk.js",
        "rgct/static/local/js/vendors~AllOffers~FeaturedDeals~Filters.chunk.js",
        "rgct/static/local/js/AllOffers~CustomLandingPage~FeaturedDeals~OfferDetail~OffersReview.chunk.js",
        "rgct/static/local/js/AllOffers~Filters.chunk.js",
        "rgct/static/local/js/AllOffers.chunk.js"
      ],
      "children": {},
      "childAssets": {}
    },
    "Container": {
      "chunks": [
        8
      ],
      "assets": [
        "rgct/static/local/js/Container.chunk.js"
      ],
      "children": {},
      "childAssets": {}
    },
    "CustomLandingPage": {
      "chunks": [
        1,
        2,
        6,
        0,
        9
      ],
      "assets": [
        "rgct/static/local/js/vendors~AllOffers~CustomLandingPage~FeaturedDeals~OfferDetail~OffersReview.chunk.js",
        "rgct/static/local/js/vendors~CustomLandingPage~FeaturedDeals~OfferDetail~OffersReview.chunk.js",
        "rgct/static/local/js/vendors~CustomLandingPage~Head.chunk.js",
        "rgct/static/local/js/AllOffers~CustomLandingPage~FeaturedDeals~OfferDetail~OffersReview.chunk.js",
        "rgct/static/local/js/CustomLandingPage.chunk.js"
      ],
      "children": {},
      "childAssets": {}
    },
    "components-shared-ErrorBoundary": {
      "chunks": [
        18
      ],
      "assets": [
        "rgct/static/local/js/components-shared-ErrorBoundary.chunk.js"
      ],
      "children": {},
      "childAssets": {}
    },
    "FeaturedDeals": {
      "chunks": [
        1,
        2,
        3,
        0,
        10
      ],
      "assets": [
        "rgct/static/local/js/vendors~AllOffers~CustomLandingPage~FeaturedDeals~OfferDetail~OffersReview.chunk.js",
        "rgct/static/local/js/vendors~CustomLandingPage~FeaturedDeals~OfferDetail~OffersReview.chunk.js",
        "rgct/static/local/js/vendors~AllOffers~FeaturedDeals~Filters.chunk.js",
        "rgct/static/local/js/AllOffers~CustomLandingPage~FeaturedDeals~OfferDetail~OffersReview.chunk.js",
        "rgct/static/local/js/FeaturedDeals.chunk.js"
      ],
      "children": {},
      "childAssets": {}
    },
    "Filters": {
      "chunks": [
        3,
        4,
        11
      ],
      "assets": [
        "rgct/static/local/js/vendors~AllOffers~FeaturedDeals~Filters.chunk.js",
        "rgct/static/local/js/AllOffers~Filters.chunk.js",
        "rgct/static/local/js/Filters.chunk.js"
      ],
      "children": {},
      "childAssets": {}
    },
    "GlobalDisclaimers": {
      "chunks": [
        12
      ],
      "assets": [
        "rgct/static/local/js/GlobalDisclaimers.chunk.js"
      ],
      "children": {},
      "childAssets": {}
    },
    "Head": {
      "chunks": [
        6,
        13
      ],
      "assets": [
        "rgct/static/local/js/vendors~CustomLandingPage~Head.chunk.js",
        "rgct/static/local/js/Head.chunk.js"
      ],
      "children": {},
      "childAssets": {}
    },
    "Layout": {
      "chunks": [
        14
      ],
      "assets": [
        "rgct/static/local/js/Layout.chunk.js"
      ],
      "children": {},
      "childAssets": {}
    },
    "Navigation": {
      "chunks": [
        15
      ],
      "assets": [
        "rgct/static/local/js/Navigation.chunk.js"
      ],
      "children": {},
      "childAssets": {}
    },
    "OfferDetail": {
      "chunks": [
        1,
        2,
        0,
        5,
        16
      ],
      "assets": [
        "rgct/static/local/js/vendors~AllOffers~CustomLandingPage~FeaturedDeals~OfferDetail~OffersReview.chunk.js",
        "rgct/static/local/js/vendors~CustomLandingPage~FeaturedDeals~OfferDetail~OffersReview.chunk.js",
        "rgct/static/local/js/AllOffers~CustomLandingPage~FeaturedDeals~OfferDetail~OffersReview.chunk.js",
        "rgct/static/local/js/OfferDetail~OffersReview.chunk.js",
        "rgct/static/local/js/OfferDetail.chunk.js"
      ],
      "children": {},
      "childAssets": {}
    },
    "OffersReview": {
      "chunks": [
        1,
        2,
        0,
        5,
        17
      ],
      "assets": [
        "rgct/static/local/js/vendors~AllOffers~CustomLandingPage~FeaturedDeals~OfferDetail~OffersReview.chunk.js",
        "rgct/static/local/js/vendors~CustomLandingPage~FeaturedDeals~OfferDetail~OffersReview.chunk.js",
        "rgct/static/local/js/AllOffers~CustomLandingPage~FeaturedDeals~OfferDetail~OffersReview.chunk.js",
        "rgct/static/local/js/OfferDetail~OffersReview.chunk.js",
        "rgct/static/local/js/OffersReview.chunk.js"
      ],
      "children": {},
      "childAssets": {}
    }
  },
  "children": []
}